SKU,Style,Category,Size,Color
Os206_3141_S,Os206_3141,Kurta,S,
Os206_3141_M,Os206_3141,Kurta,M,
Os206_3141_L,Os206_3141,Kurta,L,
Os206_3141_XL,Os206_3141,Kurta,XL,
Os206_3141_2XL,Os206_3141,Kurta,2XL,
Os206_3141_3XL,Os206_3141,Kurta,3XL,
Os223_3142_S,Os223_3142,Kurta,S,
Os223_3142_M,Os223_3142,Kurta,M,
Os223_3142_L,Os223_3142,Kurta,L,
Os223_3142_XL,Os223_3142,Kurta,XL,
Os223_3142_2XL,Os223_3142,Kurta,2XL,
Os223_3142_3XL,Os223_3142,Kurta,3XL,
Os212_3143_S,Os212_3143,Kurta,S,
Os212_3143_M,Os212_3143,Kurta,M,
Os212_3143_L,Os212_3143,Kurta,L,
Os212_3143_XL,Os212_3143,Kurta,XL,
Os212_3143_2XL,Os212_3143,Kurta,2XL,
Os212_3143_3XL,Os212_3143,Kurta,3XL,
Os214_3144_S,Os214_3144,Kurta,S,
Os214_3144_M,Os214_3144,Kurta,M,
Os214_3144_L,Os214_3144,Kurta,L,
Os214_3144_XL,Os214_3144,Kurta,XL,
Os214_3144_2XL,Os214_3144,Kurta,2XL,
Os214_3144_3XL,Os214_3144,Kurta,3XL,
Os207_3145_S,Os207_3145,Kurta,S,
Os207_3145_M,Os207_3145,Kurta,M,
Os207_3145_L,Os207_3145,Kurta,L,
Os207_3145_XL,Os207_3145,Kurta,XL,
Os207_3145_2XL,Os207_3145,Kurta,2XL,
Os207_3145_3XL,Os207_3145,Kurta,3XL,
Os202_3146_S,Os202_3146,Kurta,S,
Os202_3146_M,Os202_3146,Kurta,M,
Os202_3146_L,Os202_3146,Kurta,L,
Os202_3146_XL,Os202_3146,Kurta,XL,
Os202_3146_2XL,Os202_3146,Kurta,2XL,
Os202_3146_3XL,Os202_3146,Kurta,3XL,
Os181_5051_S,Os181_5051,Kurta,S,
Os181_5051_M,Os181_5051,Kurta,M,
Os181_5051_L,Os181_5051,Kurta,L,
Os181_5051_XL,Os181_5051,Kurta,XL,
Os181_5051_2XL,Os181_5051,Kurta,2XL,
Os181_5051_3XL,Os181_5051,Kurta,3XL,
Os191_5052_S,Os191_5052,Kurta,S,
Os191_5052_M,Os191_5052,Kurta,M,
Os191_5052_L,Os191_5052,Kurta,L,
Os191_5052_XL,Os191_5052,Kurta,XL,
Os191_5052_2XL,Os191_5052,Kurta,2XL,
Os191_5052_3XL,Os191_5052,Kurta,3XL,
Os197_5053_S,Os197_5053,Kurta,S,
Os197_5053_M,Os197_5053,Kurta,M,
Os197_5053_L,Os197_5053,Kurta,L,
Os197_5053_XL,Os197_5053,Kurta,XL,
Os197_5053_2XL,Os197_5053,Kurta,2XL,
Os197_5053_3XL,Os197_5053,Kurta,3XL,
OS219_5054_S,OS219_5054,Kurta,S,
OS219_5054_M,OS219_5054,Kurta,M,
OS219_5054_L,OS219_5054,Kurta,L,
OS219_5054_XL,OS219_5054,Kurta,XL,
OS219_5054_2XL,OS219_5054,Kurta,2XL,
OS219_5054_3XL,OS219_5054,Kurta,3XL,
Os195_5055_S,Os195_5055,Kurta,S,
Os195_5055_M,Os195_5055,Kurta,M,
Os195_5055_L,Os195_5055,Kurta,L,
Os195_5055_XL,Os195_5055,Kurta,XL,
Os195_5055_2XL,Os195_5055,Kurta,2XL,
Os195_5055_3XL,Os195_5055,Kurta,3XL,
Os189_5056_S,Os189_5056,Kurta,S,
Os189_5056_M,Os189_5056,Kurta,M,
Os189_5056_L,Os189_5056,Kurta,L,
Os189_5056_XL,Os189_5056,Kurta,XL,
Os189_5056_2XL,Os189_5056,Kurta,2XL,
Os189_5056_3XL,Os189_5056,Kurta,3XL,
Os182_5057_S,Os182_5057,Kurta,S,
Os182_5057_M,Os182_5057,Kurta,M,
Os182_5057_L,Os182_5057,Kurta,L,
Os182_5057_XL,Os182_5057,Kurta,XL,
Os182_5057_2XL,Os182_5057,Kurta,2XL,
Os182_5057_3XL,Os182_5057,Kurta,3XL,
Os209_5058_S,Os209_5058,Kurta,S,
Os209_5058_M,Os209_5058,Kurta,M,
Os209_5058_L,Os209_5058,Kurta,L,
Os209_5058_XL,Os209_5058,Kurta,XL,
Os209_5058_2XL,Os209_5058,Kurta,2XL,
Os209_5058_3XL,Os209_5058,Kurta,3XL,
Os218_3151_S,Os218_3151,Kurta,S,
Os218_3151_M,Os218_3151,Kurta,M,
Os218_3151_L,Os218_3151,Kurta,L,
Os218_3151_XL,Os218_3151,Kurta,XL,
Os218_3151_2XL,Os218_3151,Kurta,2XL,
Os218_3151_3XL,Os218_3151,Kurta,3XL,
Os201_3152_S,Os201_3152,Kurta,S,
Os201_3152_M,Os201_3152,Kurta,M,
Os201_3152_L,Os201_3152,Kurta,L,
Os201_3152_XL,Os201_3152,Kurta,XL,
Os201_3152_2XL,Os201_3152,Kurta,2XL,
Os201_3152_3XL,Os201_3152,Kurta,3XL,
Os175_3153_S,Os175_3153,Kurta,S,
Os175_3153_M,Os175_3153,Kurta,M,
Os175_3153_L,Os175_3153,Kurta,L,
Os175_3153_XL,Os175_3153,Kurta,XL,
Os175_3153_2XL,Os175_3153,Kurta,2XL,
Os175_3153_3XL,Os175_3153,Kurta,3XL,
Os220_3154_S,Os220_3154,Kurta,S,
Os220_3154_M,Os220_3154,Kurta,M,
Os220_3154_L,Os220_3154,Kurta,L,
Os220_3154_XL,Os220_3154,Kurta,XL,
Os220_3154_2XL,Os220_3154,Kurta,2XL,
Os220_3154_3XL,Os220_3154,Kurta,3XL,
Os174_3155_S,Os174_3155,Kurta,S,
Os174_3155_M,Os174_3155,Kurta,M,
Os174_3155_L,Os174_3155,Kurta,L,
Os174_3155_XL,Os174_3155,Kurta,XL,
Os174_3155_2XL,Os174_3155,Kurta,2XL,
Os174_3155_3XL,Os174_3155,Kurta,3XL,
Os222_3156_S,Os222_3156,Kurta,S,
Os222_3156_M,Os222_3156,Kurta,M,
Os222_3156_L,Os222_3156,Kurta,L,
Os222_3156_XL,Os222_3156,Kurta,XL,
Os222_3156_2XL,Os222_3156,Kurta,2XL,
Os222_3156_3XL,Os222_3156,Kurta,3XL,
Os228_1432_S,Os228_1432,Kurta Set,S,
Os228_1432_M,Os228_1432,Kurta Set,M,
Os228_1432_L,Os228_1432,Kurta Set,L,
Os228_1432_XL,Os228_1432,Kurta Set,XL,
Os228_1432_2XL,Os228_1432,Kurta Set,2XL,
Os228_1432_3XL,Os228_1432,Kurta Set,3XL,
Os227_1437_S,Os227_1437,Kurta Set,S,
Os227_1437_M,Os227_1437,Kurta Set,M,
Os227_1437_L,Os227_1437,Kurta Set,L,
Os227_1437_XL,Os227_1437,Kurta Set,XL,
Os227_1437_2XL,Os227_1437,Kurta Set,2XL,
Os227_1437_3XL,Os227_1437,Kurta Set,3XL,
OS224_1433_S,OS224_1433,Kurta Set,S,
OS224_1433_M,OS224_1433,Kurta Set,M,
OS224_1433_L,OS224_1433,Kurta Set,L,
OS224_1433_XL,OS224_1433,Kurta Set,XL,
OS224_1433_2XL,OS224_1433,Kurta Set,2XL,
OS224_1433_3XL,OS224_1433,Kurta Set,3XL,
Os232_1431_S,Os232_1431,Kurta Set,S,
Os232_1431_M,Os232_1431,Kurta Set,M,
Os232_1431_L,Os232_1431,Kurta Set,L,
Os232_1431_XL,Os232_1431,Kurta Set,XL,
Os232_1431_2XL,Os232_1431,Kurta Set,2XL,
Os232_1431_3XL,Os232_1431,Kurta Set,3XL,
Os226_1436_S,Os226_1436,Kurta Set,S,
Os226_1436_M,Os226_1436,Kurta Set,M,
Os226_1436_L,Os226_1436,Kurta Set,L,
Os226_1436_XL,Os226_1436,Kurta Set,XL,
Os226_1436_2XL,Os226_1436,Kurta Set,2XL,
Os226_1436_3XL,Os226_1436,Kurta Set,3XL,
Os230_1438_S,Os230_1438,Kurta Set,S,
Os230_1438_M,Os230_1438,Kurta Set,M,
Os230_1438_L,Os230_1438,Kurta Set,L,
Os230_1438_XL,Os230_1438,Kurta Set,XL,
Os230_1438_2XL,Os230_1438,Kurta Set,2XL,
Os230_1438_3XL,Os230_1438,Kurta Set,3XL,
Os225_1434_S,Os225_1434,Kurta Set,S,
Os225_1434_M,Os225_1434,Kurta Set,M,
Os225_1434_L,Os225_1434,Kurta Set,L,
Os225_1434_XL,Os225_1434,Kurta Set,XL,
Os225_1434_2XL,Os225_1434,Kurta Set,2XL,
Os225_1434_3XL,Os225_1434,Kurta Set,3XL,
Os229_1435_S,Os229_1435,Kurta Set,S,
Os229_1435_M,Os229_1435,Kurta Set,M,
Os229_1435_L,Os229_1435,Kurta Set,L,
Os229_1435_XL,Os229_1435,Kurta Set,XL,
Os229_1435_2XL,Os229_1435,Kurta Set,2XL,
Os229_1435_3XL,Os229_1435,Kurta Set,3XL,
Os200_5041_S,Os200_5041,Kurta,S,
Os200_5041_M,Os200_5041,Kurta,M,
Os200_5041_L,Os200_5041,Kurta,L,
Os200_5041_XL,Os200_5041,Kurta,XL,
Os200_5041_2XL,Os200_5041,Kurta,2XL,
Os200_5041_3XL,Os200_5041,Kurta,3XL,
Os188_5042_S,Os188_5042,Kurta,S,
Os188_5042_M,Os188_5042,Kurta,M,
Os188_5042_L,Os188_5042,Kurta,L,
Os188_5042_XL,Os188_5042,Kurta,XL,
Os188_5042_2XL,Os188_5042,Kurta,2XL,
Os188_5042_3XL,Os188_5042,Kurta,3XL,
Os208_5043_S,Os208_5043,Kurta,S,
Os208_5043_M,Os208_5043,Kurta,M,
Os208_5043_L,Os208_5043,Kurta,L,
Os208_5043_XL,Os208_5043,Kurta,XL,
Os208_5043_2XL,Os208_5043,Kurta,2XL,
Os208_5043_3XL,Os208_5043,Kurta,3XL,
Os183_5044_S,Os183_5044,Kurta,S,
Os183_5044_M,Os183_5044,Kurta,M,
Os183_5044_L,Os183_5044,Kurta,L,
Os183_5044_XL,Os183_5044,Kurta,XL,
Os183_5044_2XL,Os183_5044,Kurta,2XL,
Os183_5044_3XL,Os183_5044,Kurta,3XL,
Os198_5045_S,Os198_5045,Kurta,S,
Os198_5045_M,Os198_5045,Kurta,M,
Os198_5045_L,Os198_5045,Kurta,L,
Os198_5045_XL,Os198_5045,Kurta,XL,
Os198_5045_2XL,Os198_5045,Kurta,2XL,
Os198_5045_3XL,Os198_5045,Kurta,3XL,
Os199_5046_S,Os199_5046,Kurta,S,
Os199_5046_M,Os199_5046,Kurta,M,
Os199_5046_L,Os199_5046,Kurta,L,
Os199_5046_XL,Os199_5046,Kurta,XL,
Os199_5046_2XL,Os199_5046,Kurta,2XL,
Os199_5046_3XL,Os199_5046,Kurta,3XL,
Os170_5048_S,Os170_5048,Kurta,S,
Os170_5048_M,Os170_5048,Kurta,M,
Os170_5048_L,Os170_5048,Kurta,L,
Os170_5048_XL,Os170_5048,Kurta,XL,
Os170_5048_2XL,Os170_5048,Kurta,2XL,
Os170_5048_3XL,Os170_5048,Kurta,3XL,
Os235_1112_S,Os235_1112,Kurta,S,
Os235_1112_M,Os235_1112,Kurta,M,
Os235_1112_L,Os235_1112,Kurta,L,
Os235_1112_XL,Os235_1112,Kurta,XL,
Os235_1112_2XL,Os235_1112,Kurta,2XL,
Os235_1112_3XL,Os235_1112,Kurta,3XL,
Os233_1058_S,Os233_1058,Kurta,S,
Os233_1058_M,Os233_1058,Kurta,M,
Os233_1058_L,Os233_1058,Kurta,L,
Os233_1058_XL,Os233_1058,Kurta,XL,
Os233_1058_2XL,Os233_1058,Kurta,2XL,
Os233_1058_3XL,Os233_1058,Kurta,3XL,
Os179_1116_S,Os179_1116,Kurta,S,
Os179_1116_M,Os179_1116,Kurta,M,
Os179_1116_L,Os179_1116,Kurta,L,
Os179_1116_XL,Os179_1116,Kurta,XL,
Os179_1116_2XL,Os179_1116,Kurta,2XL,
Os179_1116_3XL,Os179_1116,Kurta,3XL,
Os210_3137_S,Os210_3137,Kurta,S,
Os210_3137_M,Os210_3137,Kurta,M,
Os210_3137_L,Os210_3137,Kurta,L,
Os210_3137_XL,Os210_3137,Kurta,XL,
Os210_3137_2XL,Os210_3137,Kurta,2XL,
Os210_3137_3XL,Os210_3137,Kurta,3XL,
Os177_1057_S,Os177_1057,Kurta,S,
Os177_1057_M,Os177_1057,Kurta,M,
Os177_1057_L,Os177_1057,Kurta,L,
Os177_1057_XL,Os177_1057,Kurta,XL,
Os177_1057_2XL,Os177_1057,Kurta,2XL,
Os177_1057_3XL,Os177_1057,Kurta,3XL,
Os180_3134_S,Os180_3134,Kurta,S,
Os180_3134_M,Os180_3134,Kurta,M,
Os180_3134_L,Os180_3134,Kurta,L,
Os180_3134_XL,Os180_3134,Kurta,XL,
Os180_3134_2XL,Os180_3134,Kurta,2XL,
Os180_3134_3XL,Os180_3134,Kurta,3XL,
Os178_1115_S,Os178_1115,Kurta,S,
Os178_1115_M,Os178_1115,Kurta,M,
Os178_1115_L,Os178_1115,Kurta,L,
Os178_1115_XL,Os178_1115,Kurta,XL,
Os178_1115_2XL,Os178_1115,Kurta,2XL,
Os178_1115_3XL,Os178_1115,Kurta,3XL,
Os211_3011_S,Os211_3011,Kurta,S,
Os211_3011_M,Os211_3011,Kurta,M,
Os211_3011_L,Os211_3011,Kurta,L,
Os211_3011_XL,Os211_3011,Kurta,XL,
Os211_3011_2XL,Os211_3011,Kurta,2XL,
Os211_3011_3XL,Os211_3011,Kurta,3XL,
Os171_1096_S,Os171_1096,Kurta,S,
Os171_1096_M,Os171_1096,Kurta,M,
Os171_1096_L,Os171_1096,Kurta,L,
Os171_1096_XL,Os171_1096,Kurta,XL,
Os171_1096_2XL,Os171_1096,Kurta,2XL,
Os171_1096_3XL,Os171_1096,Kurta,3XL,
Os184_1127_S,Os184_1127,Kurta,S,
Os184_1127_M,Os184_1127,Kurta,M,
Os184_1127_L,Os184_1127,Kurta,L,
Os184_1127_XL,Os184_1127,Kurta,XL,
Os184_1127_2XL,Os184_1127,Kurta,2XL,
Os184_1127_3XL,Os184_1127,Kurta,3XL,
Os231_1384_S,Os231_1384,Kurta Set,S,
Os231_1384_M,Os231_1384,Kurta Set,M,
Os231_1384_L,Os231_1384,Kurta Set,L,
Os231_1384_XL,Os231_1384,Kurta Set,XL,
Os231_1384_2XL,Os231_1384,Kurta Set,2XL,
Os231_1384_3XL,Os231_1384,Kurta Set,3XL,
Os186_1377_S,Os186_1377,Kurta,S,
Os186_1377_M,Os186_1377,Kurta,M,
Os186_1377_L,Os186_1377,Kurta,L,
Os186_1377_XL,Os186_1377,Kurta,XL,
Os186_1377_2XL,Os186_1377,Kurta,2XL,
Os186_1377_3XL,Os186_1377,Kurta,3XL,
Os185_1105_S,Os185_1105,Kurta,S,
Os185_1105_M,Os185_1105,Kurta,M,
Os185_1105_L,Os185_1105,Kurta,L,
Os185_1105_XL,Os185_1105,Kurta,XL,
Os185_1105_2XL,Os185_1105,Kurta,2XL,
Os185_1105_3XL,Os185_1105,Kurta,3XL,
Os190_1128_S,Os190_1128,Kurta,S,
Os190_1128_M,Os190_1128,Kurta,M,
Os190_1128_L,Os190_1128,Kurta,L,
Os190_1128_XL,Os190_1128,Kurta,XL,
Os190_1128_2XL,Os190_1128,Kurta,2XL,
Os190_1128_3XL,Os190_1128,Kurta,3XL,
Os192_1124_S,Os192_1124,Kurta,S,
Os192_1124_M,Os192_1124,Kurta,M,
Os192_1124_L,Os192_1124,Kurta,L,
Os192_1124_XL,Os192_1124,Kurta,XL,
Os192_1124_2XL,Os192_1124,Kurta,2XL,
Os192_1124_3XL,Os192_1124,Kurta,3XL,
Os172_1092_S,Os172_1092,Kurta,S,
Os172_1092_M,Os172_1092,Kurta,M,
Os172_1092_L,Os172_1092,Kurta,L,
Os172_1092_XL,Os172_1092,Kurta,XL,
Os172_1092_2XL,Os172_1092,Kurta,2XL,
Os172_1092_3XL,Os172_1092,Kurta,3XL,
Os176_1015_S,Os176_1015,Kurta,S,
Os176_1015_M,Os176_1015,Kurta,M,
Os176_1015_L,Os176_1015,Kurta,L,
Os176_1015_XL,Os176_1015,Kurta,XL,
Os176_1015_2XL,Os176_1015,Kurta,2XL,
Os176_1015_3XL,Os176_1015,Kurta,3XL,
Os196_1371_S,Os196_1371,Kurta,S,
Os196_1371_M,Os196_1371,Kurta,M,
Os196_1371_L,Os196_1371,Kurta,L,
Os196_1371_XL,Os196_1371,Kurta,XL,
Os196_1371_2XL,Os196_1371,Kurta,2XL,
Os196_1371_3XL,Os196_1371,Kurta,3XL,
Os193_1062_S,Os193_1062,Kurta,S,
Os193_1062_M,Os193_1062,Kurta,M,
Os193_1062_L,Os193_1062,Kurta,L,
Os193_1062_XL,Os193_1062,Kurta,XL,
Os193_1062_2XL,Os193_1062,Kurta,2XL,
Os193_1062_3XL,Os193_1062,Kurta,3XL,
Os205_1054_S,Os205_1054,Kurta,S,
Os205_1054_M,Os205_1054,Kurta,M,
Os205_1054_L,Os205_1054,Kurta,L,
Os205_1054_XL,Os205_1054,Kurta,XL,
Os205_1054_2XL,Os205_1054,Kurta,2XL,
Os205_1054_3XL,Os205_1054,Kurta,3XL,
Os203_1100_S,Os203_1100,Kurta,S,
Os203_1100_M,Os203_1100,Kurta,M,
Os203_1100_L,Os203_1100,Kurta,L,
Os203_1100_XL,Os203_1100,Kurta,XL,
Os203_1100_2XL,Os203_1100,Kurta,2XL,
Os203_1100_3XL,Os203_1100,Kurta,3XL,
Os204_3091_S,Os204_3091,Kurta,S,
Os204_3091_M,Os204_3091,Kurta,M,
Os204_3091_L,Os204_3091,Kurta,L,
Os204_3091_XL,Os204_3091,Kurta,XL,
Os204_3091_2XL,Os204_3091,Kurta,2XL,
Os204_3091_3XL,Os204_3091,Kurta,3XL,
Os160_S,Os160,Kurta,S,
Os160_M,Os160,Kurta,M,
Os160_L,Os160,Kurta,L,
Os160_XL,Os160,Kurta,XL,
Os160_2XL,Os160,Kurta,2XL,
Os160_3XL,Os160,Kurta,3XL,
Os162_S,Os162,Kurta,S,
Os162_M,Os162,Kurta,M,
Os162_L,Os162,Kurta,L,
Os162_XL,Os162,Kurta,XL,
Os162_2XL,Os162,Kurta,2XL,
Os162_3XL,Os162,Kurta,3XL,
Os110_14253_S,Os110_14253,Kurta,S,
Os110_14253_M,Os110_14253,Kurta,M,
Os110_14253_L,Os110_14253,Kurta,L,
Os110_14253_XL,Os110_14253,Kurta,XL,
Os110_14253_2XL,Os110_14253,Kurta,2XL,
Os110_14253_3XL,Os110_14253,Kurta,3XL,
Os117_3063_S,Os117_3063,Kurta,S,
Os117_3063_M,Os117_3063,Kurta,M,
Os117_3063_L,Os117_3063,Kurta,L,
Os117_3063_XL,Os117_3063,Kurta,XL,
Os117_3063_2XL,Os117_3063,Kurta,2XL,
Os117_3063_3XL,Os117_3063,Kurta,3XL,
Os122_1736_S,Os122_1736,Kurta,S,
Os122_1736_M,Os122_1736,Kurta,M,
Os122_1736_L,Os122_1736,Kurta,L,
Os122_1736_XL,Os122_1736,Kurta,XL,
Os122_1736_2XL,Os122_1736,Kurta,2XL,
Os122_1736_3XL,Os122_1736,Kurta,3XL,
Os119_3094_S,Os119_3094,Kurta,S,
Os119_3094_M,Os119_3094,Kurta,M,
Os119_3094_L,Os119_3094,Kurta,L,
Os119_3094_XL,Os119_3094,Kurta,XL,
Os119_3094_2XL,Os119_3094,Kurta,2XL,
Os119_3094_3XL,Os119_3094,Kurta,3XL,
Os120_14412_S,Os120_14412,Kurta,S,
Os120_14412_M,Os120_14412,Kurta,M,
Os120_14412_L,Os120_14412,Kurta,L,
Os120_14412_XL,Os120_14412,Kurta,XL,
Os120_14412_2XL,Os120_14412,Kurta,2XL,
Os120_14412_3XL,Os120_14412,Kurta,3XL,
Os126_14249_S,Os126_14249,Kurta,S,
Os126_14249_M,Os126_14249,Kurta,M,
Os126_14249_L,Os126_14249,Kurta,L,
Os126_14249_XL,Os126_14249,Kurta,XL,
Os126_14249_2XL,Os126_14249,Kurta,2XL,
Os126_14249_3XL,Os126_14249,Kurta,3XL,
Os132_1866_S,Os132_1866,Kurta,S,
Os132_1866_M,Os132_1866,Kurta,M,
Os132_1866_L,Os132_1866,Kurta,L,
Os132_1866_XL,Os132_1866,Kurta,XL,
Os132_1866_2XL,Os132_1866,Kurta,2XL,
Os132_1866_3XL,Os132_1866,Kurta,3XL,
Os116_14254_S,Os116_14254,Kurta,S,
Os116_14254_M,Os116_14254,Kurta,M,
Os116_14254_L,Os116_14254,Kurta,L,
Os116_14254_XL,Os116_14254,Kurta,XL,
Os116_14254_2XL,Os116_14254,Kurta,2XL,
Os116_14254_3XL,Os116_14254,Kurta,3XL,
Os113_3090_S,Os113_3090,Kurta,S,
Os113_3090_M,Os113_3090,Kurta,M,
Os113_3090_L,Os113_3090,Kurta,L,
Os113_3090_XL,Os113_3090,Kurta,XL,
Os113_3090_2XL,Os113_3090,Kurta,2XL,
Os113_3090_3XL,Os113_3090,Kurta,3XL,
Os111_3074_S,Os111_3074,Kurta,S,
Os111_3074_M,Os111_3074,Kurta,M,
Os111_3074_L,Os111_3074,Kurta,L,
Os111_3074_XL,Os111_3074,Kurta,XL,
Os111_3074_2XL,Os111_3074,Kurta,2XL,
Os111_3074_3XL,Os111_3074,Kurta,3XL,
Os123_1332_S,Os123_1332,Kurta,S,
Os123_1332_M,Os123_1332,Kurta,M,
Os123_1332_L,Os123_1332,Kurta,L,
Os123_1332_XL,Os123_1332,Kurta,XL,
Os123_1332_2XL,Os123_1332,Kurta,2XL,
Os123_1332_3XL,Os123_1332,Kurta,3XL,
Os141_1331_S,Os141_1331,Kurta,S,
Os141_1331_M,Os141_1331,Kurta,M,
Os141_1331_L,Os141_1331,Kurta,L,
Os141_1331_XL,Os141_1331,Kurta,XL,
Os141_1331_2XL,Os141_1331,Kurta,2XL,
Os141_1331_3XL,Os141_1331,Kurta,3XL,
Os102_14255_S,Os102_14255,Kurta,S,
Os102_14255_M,Os102_14255,Kurta,M,
Os102_14255_L,Os102_14255,Kurta,L,
Os102_14255_XL,Os102_14255,Kurta,XL,
Os102_14255_2XL,Os102_14255,Kurta,2XL,
Os102_14255_3XL,Os102_14255,Kurta,3XL,
Os104_1276_S,Os104_1276,Kurta,S,
Os104_1276_M,Os104_1276,Kurta,M,
Os104_1276_L,Os104_1276,Kurta,L,
Os104_1276_XL,Os104_1276,Kurta,XL,
Os104_1276_2XL,Os104_1276,Kurta,2XL,
Os104_1276_3XL,Os104_1276,Kurta,3XL,
Os106_14213_S,Os106_14213,Kurta,S,
Os106_14213_M,Os106_14213,Kurta,M,
Os106_14213_L,Os106_14213,Kurta,L,
Os106_14213_XL,Os106_14213,Kurta,XL,
Os106_14213_2XL,Os106_14213,Kurta,2XL,
Os106_14213_3XL,Os106_14213,Kurta,3XL,
Os105_3062_S,Os105_3062,Kurta,S,
Os105_3062_M,Os105_3062,Kurta,M,
Os105_3062_L,Os105_3062,Kurta,L,
Os105_3062_XL,Os105_3062,Kurta,XL,
Os105_3062_2XL,Os105_3062,Kurta,2XL,
Os105_3062_3XL,Os105_3062,Kurta,3XL,
Os109_3095_S,Os109_3095,Kurta,S,
Os109_3095_M,Os109_3095,Kurta,M,
Os109_3095_L,Os109_3095,Kurta,L,
Os109_3095_XL,Os109_3095,Kurta,XL,
Os109_3095_2XL,Os109_3095,Kurta,2XL,
Os109_3095_3XL,Os109_3095,Kurta,3XL,
Os173_3090_S,Os173_3090,Kurta,S,
Os173_3090_M,Os173_3090,Kurta,M,
Os173_3090_L,Os173_3090,Kurta,L,
Os173_3090_XL,Os173_3090,Kurta,XL,
Os173_3090_2XL,Os173_3090,Kurta,2XL,
Os173_3090_3XL,Os173_3090,Kurta,3XL,
Os187_5073_S,Os187_5073,Kurta,S,
Os187_5073_M,Os187_5073,Kurta,M,
Os187_5073_L,Os187_5073,Kurta,L,
Os187_5073_XL,Os187_5073,Kurta,XL,
Os187_5073_2XL,Os187_5073,Kurta,2XL,
Os187_5073_3XL,Os187_5073,Kurta,3XL,
Os215_5072_S,Os215_5072,Kurta,S,
Os215_5072_M,Os215_5072,Kurta,M,
Os215_5072_L,Os215_5072,Kurta,L,
Os215_5072_XL,Os215_5072,Kurta,XL,
Os215_5072_2XL,Os215_5072,Kurta,2XL,
Os215_5072_3XL,Os215_5072,Kurta,3XL,
Os103_4171_S,Os103_4171,Kurta,S,
Os103_4171_XS,Os103_4171,Kurta,XS,
Os103_4171_M,Os103_4171,Kurta,M,
Os103_4171_L,Os103_4171,Kurta,L,
Os103_4171_XL,Os103_4171,Kurta,XL,
Os103_4171_2XL,Os103_4171,Kurta,2XL,
Os103_4171_3XL,Os103_4171,Kurta,3XL,
Os216_3095_M,Os216_3095,Kurta,M,
Os216_3095_S,Os216_3095,Kurta,S,
Os216_3095_L,Os216_3095,Kurta,L,
Os216_3095_XL,Os216_3095,Kurta,XL,
Os216_3095_2XL,Os216_3095,Kurta,2XL,
Os216_3095_3XL,Os216_3095,Kurta,3XL,
Os217_5071_S,Os217_5071,Kurta,S,
Os217_5071_M,Os217_5071,Kurta,M,
Os217_5071_L,Os217_5071,Kurta,L,
Os217_5071_XL,Os217_5071,Kurta,XL,
Os217_5071_2XL,Os217_5071,Kurta,2XL,
Os217_5071_3XL,Os217_5071,Kurta,3XL,
Os152_S,Os152,Kurta,S,
Os152_M,Os152,Kurta,M,
Os152_L,Os152,Kurta,L,
Os152_XL,Os152,Kurta,XL,
Os152_2XL,Os152,Kurta,2XL,
Os152_3XL,Os152,Kurta,3XL,
Os149_S,Os149,Kurta,S,
Os149_M,Os149,Kurta,M,
Os149_L,Os149,Kurta,L,
Os149_XL,Os149,Kurta,XL,
Os149_2XL,Os149,Kurta,2XL,
Os149_3XL,Os149,Kurta,3XL,
Os221_S,Os221,Kurta,S,
Os221_M,Os221,Kurta,M,
Os221_L,Os221,Kurta,L,
Os221_XL,Os221,Kurta,XL,
Os221_2XL,Os221,Kurta,2XL,
Os221_3XL,Os221,Kurta,3XL,
Os153_S,Os153,Kurta,S,
Os153_M,Os153,Kurta,M,
Os153_L,Os153,Kurta,L,
Os153_XL,Os153,Kurta,XL,
Os153_2XL,Os153,Kurta,2XL,
Os153_3XL,Os153,Kurta,3XL,
Os158_S,Os158,Kurta,S,
Os158_M,Os158,Kurta,M,
Os158_L,Os158,Kurta,L,
Os158_XL,Os158,Kurta,XL,
Os158_2XL,Os158,Kurta,2XL,
Os158_3XL,Os158,Kurta,3XL,
Os150_S,Os150,Kurta,S,
Os150_M,Os150,Kurta,M,
Os150_L,Os150,Kurta,L,
Os150_XL,Os150,Kurta,XL,
Os150_2XL,Os150,Kurta,2XL,
Os150_3XL,Os150,Kurta,3XL,
Os148_S,Os148,Kurta,S,
Os148_M,Os148,Kurta,M,
Os148_L,Os148,Kurta,L,
Os148_XL,Os148,Kurta,XL,
Os148_2XL,Os148,Kurta,2XL,
Os148_3XL,Os148,Kurta,3XL,
Os154_S,Os154,Kurta,S,
Os154_M,Os154,Kurta,M,
Os154_L,Os154,Kurta,L,
Os154_XL,Os154,Kurta,XL,
Os154_2XL,Os154,Kurta,2XL,
Os154_3XL,Os154,Kurta,3XL,
Os164_S,Os164,Kurta,S,
Os164_M,Os164,Kurta,M,
Os164_L,Os164,Kurta,L,
Os164_XL,Os164,Kurta,XL,
Os164_2XL,Os164,Kurta,2XL,
Os164_3XL,Os164,Kurta,3XL,
Os168_S,Os168,Kurta,S,
Os168_M,Os168,Kurta,M,
Os168_L,Os168,Kurta,L,
Os168_XL,Os168,Kurta,XL,
Os168_2XL,Os168,Kurta,2XL,
Os168_3XL,Os168,Kurta,3XL,
Os157_S,Os157,Kurta,S,
Os157_M,Os157,Kurta,M,
Os157_L,Os157,Kurta,L,
Os157_XL,Os157,Kurta,XL,
Os157_2XL,Os157,Kurta,2XL,
Os157_3XL,Os157,Kurta,3XL,
Os167_XS,Os167,Kurta,XS,
Os167_S,Os167,Kurta,S,
Os167_M,Os167,Kurta,M,
Os167_L,Os167,Kurta,L,
Os167_XL,Os167,Kurta,XL,
Os167_2XL,Os167,Kurta,2XL,
Os167_3XL,Os167,Kurta,3XL,
Os161_S,Os161,Kurta,S,
Os161_M,Os161,Kurta,M,
Os161_L,Os161,Kurta,L,
Os161_XL,Os161,Kurta,XL,
Os161_2XL,Os161,Kurta,2XL,
Os161_3XL,Os161,Kurta,3XL,
Os135_14274_S,Os135_14274,Gown,S,
Os135_14274_M,Os135_14274,Gown,M,
Os135_14274_L,Os135_14274,Gown,L,
Os135_14274_XL,Os135_14274,Gown,XL,
Os135_14274_2XL,Os135_14274,Gown,2XL,
Os137_14380_S,Os137_14380,Gown,S,
Os137_14380_M,Os137_14380,Gown,M,
Os137_14380_L,Os137_14380,Gown,L,
Os137_14380_XL,Os137_14380,Gown,XL,
Os137_14380_2XL,Os137_14380,Gown,2XL,
Os138_14206_S,Os138_14206,Gown,S,
Os138_14206_M,Os138_14206,Gown,M,
Os138_14206_L,Os138_14206,Gown,L,
Os138_14206_XL,Os138_14206,Gown,XL,
Os138_14206_2XL,Os138_14206,Gown,2XL,
Os139_14275_S,Os139_14275,Gown,S,
Os139_14275_M,Os139_14275,Gown,M,
Os139_14275_L,Os139_14275,Gown,L,
Os139_14275_XL,Os139_14275,Gown,XL,
Os139_14275_2XL,Os139_14275,Gown,2XL,
Os254_15374_S,Os254_15374,Kurta,S,
Os254_15374_M,Os254_15374,Kurta,M,
Os254_15374_L,Os254_15374,Kurta,L,
Os254_15374_XL,Os254_15374,Kurta,XL,
Os254_15374_2XL,Os254_15374,Kurta,2XL,
Os254_15374_3XL,Os254_15374,Kurta,3XL,
Os255_15375_S,Os255_15375,Kurta,S,
Os255_15375_M,Os255_15375,Kurta,M,
Os255_15375_L,Os255_15375,Kurta,L,
Os255_15375_XL,Os255_15375,Kurta,XL,
Os255_15375_2XL,Os255_15375,Kurta,2XL,
Os255_15375_3XL,Os255_15375,Kurta,3XL,
Os256_15376_S,Os256_15376,Kurta,S,
Os256_15376_M,Os256_15376,Kurta,M,
Os256_15376_L,Os256_15376,Kurta,L,
Os256_15376_XL,Os256_15376,Kurta,XL,
Os256_15376_2XL,Os256_15376,Kurta,2XL,
Os256_15376_3XL,Os256_15376,Kurta,3XL,
Os257_15377_S,Os257_15377,Kurta,S,
Os257_15377_M,Os257_15377,Kurta,M,
Os257_15377_L,Os257_15377,Kurta,L,
Os257_15377_XL,Os257_15377,Kurta,XL,
Os257_15377_2XL,Os257_15377,Kurta,2XL,
Os257_15377_3XL,Os257_15377,Kurta,3XL,
Os258_15378_S,Os258_15378,Kurta,S,
Os258_15378_M,Os258_15378,Kurta,M,
Os258_15378_L,Os258_15378,Kurta,L,
Os258_15378_XL,Os258_15378,Kurta,XL,
Os258_15378_2XL,Os258_15378,Kurta,2XL,
Os258_15378_3XL,Os258_15378,Kurta,3XL,
Os259_15379_S,Os259_15379,Kurta,S,
Os259_15379_M,Os259_15379,Kurta,M,
Os259_15379_L,Os259_15379,Kurta,L,
Os259_15379_XL,Os259_15379,Kurta,XL,
Os259_15379_2XL,Os259_15379,Kurta,2XL,
Os259_15379_3XL,Os259_15379,Kurta,3XL,
Os260_15380_S,Os260_15380,Kurta,S,
Os260_15380_M,Os260_15380,Kurta,M,
Os260_15380_L,Os260_15380,Kurta,L,
Os260_15380_XL,Os260_15380,Kurta,XL,
Os260_15380_2XL,Os260_15380,Kurta,2XL,
Os260_15380_3XL,Os260_15380,Kurta,3XL,
Os261_15381_S,Os261_15381,Kurta,S,
Os261_15381_M,Os261_15381,Kurta,M,
Os261_15381_L,Os261_15381,Kurta,L,
Os261_15381_XL,Os261_15381,Kurta,XL,
Os261_15381_2XL,Os261_15381,Kurta,2XL,
Os261_15381_3XL,Os261_15381,Kurta,3XL,
Os263_15383_S,Os263_15383,Kurta,S,
Os263_15383_M,Os263_15383,Kurta,M,
Os263_15383_L,Os263_15383,Kurta,L,
Os263_15383_XL,Os263_15383,Kurta,XL,
Os263_15383_2XL,Os263_15383,Kurta,2XL,
Os263_15383_3XL,Os263_15383,Kurta,3XL,
Os1076_S,Os1076,Kurta Set,S,
Os1076_M,Os1076,Kurta Set,M,
Os1076_L,Os1076,Kurta Set,L,
Os1076_XL,Os1076,Kurta Set,XL,
Os1076_2XL,Os1076,Kurta Set,2XL,
Os1076_3XL,Os1076,Kurta Set,3XL,
Os1074_S,Os1074,Kurta Set,S,
Os1074_M,Os1074,Kurta Set,M,
Os1074_L,Os1074,Kurta Set,L,
Os1074_XL,Os1074,Kurta Set,XL,
Os1074_2XL,Os1074,Kurta Set,2XL,
Os1074_3XL,Os1074,Kurta Set,3XL,
Os1060_S,Os1060,Kurta Set,S,
Os1060_M,Os1060,Kurta Set,M,
Os1060_L,Os1060,Kurta Set,L,
Os1060_XL,Os1060,Kurta Set,XL,
Os1060_2XL,Os1060,Kurta Set,2XL,
Os1060_3XL,Os1060,Kurta Set,3XL,
Os1086_S,Os1086,Kurta Set,S,
Os1086_M,Os1086,Kurta Set,M,
Os1086_L,Os1086,Kurta Set,L,
Os1086_XL,Os1086,Kurta Set,XL,
Os1086_2XL,Os1086,Kurta Set,2XL,
Os1086_3XL,Os1086,Kurta Set,3XL,
Os1087_S,Os1087,Kurta Set,S,
Os1087_M,Os1087,Kurta Set,M,
Os1087_L,Os1087,Kurta Set,L,
Os1087_XL,Os1087,Kurta Set,XL,
Os1087_2XL,Os1087,Kurta Set,2XL,
Os1087_3XL,Os1087,Kurta Set,3XL,
Os1051_S,Os1051,Kurta Set,S,
Os1051_M,Os1051,Kurta Set,M,
Os1051_L,Os1051,Kurta Set,L,
Os1051_XL,Os1051,Kurta Set,XL,
Os1051_2XL,Os1051,Kurta Set,2XL,
Os1051_3XL,Os1051,Kurta Set,3XL,
Os1137_S,Os1137,Kurta Set,S,
Os1137_M,Os1137,Kurta Set,M,
Os1137_L,Os1137,Kurta Set,L,
Os1137_XL,Os1137,Kurta Set,XL,
Os1137_2XL,Os1137,Kurta Set,2XL,
Os1137_3XL,Os1137,Kurta Set,3XL,
Os1144_S,Os1144,Kurta Set,S,
Os1144_M,Os1144,Kurta Set,M,
Os1144_L,Os1144,Kurta Set,L,
Os1144_XL,Os1144,Kurta Set,XL,
Os1144_2XL,Os1144,Kurta Set,2XL,
Os1144_3XL,Os1144,Kurta Set,3XL,
Os1106_S,Os1106,Kurta Set,S,
Os1106_M,Os1106,Kurta Set,M,
Os1106_L,Os1106,Kurta Set,L,
Os1106_XL,Os1106,Kurta Set,XL,
Os1106_2XL,Os1106,Kurta Set,2XL,
Os1106_3XL,Os1106,Kurta Set,3XL,
Os147_15288_XS,Os147_15288,Tops,XS,
Os147_15288_S,Os147_15288,Tops,S,
Os147_15288_M,Os147_15288,Tops,M,
Os147_15288_L,Os147_15288,Tops,L,
Os147_15288_XL,Os147_15288,Tops,XL,
Os213_15284_XS,Os213_15284,Tops,XS,
Os213_15284_S,Os213_15284,Tops,S,
Os213_15284_M,Os213_15284,Tops,M,
Os213_15284_L,Os213_15284,Tops,L,
Os213_15284_XL,Os213_15284,Tops,XL,
Os169_S,Os169,Kurta,S,
Os169_M,Os169,Kurta,M,
Os169_L,Os169,Kurta,L,
Os169_XL,Os169,Kurta,XL,
Os169_2XL,Os169,Kurta,2XL,
Os169_3XL,Os169,Kurta,3XL,
Os142_XS,Os142,Tops,XS,
Os142_S,Os142,Tops,S,
Os142_M,Os142,Tops,M,
Os142_L,Os142,Tops,L,
Os142_XL,Os142,Tops,XL,
Os144_XS,Os144,Tops,XS,
Os144_S,Os144,Tops,S,
Os144_M,Os144,Tops,M,
Os144_L,Os144,Tops,L,
Os144_XL,Os144,Tops,XL,
Os145_XS,Os145,Tops,XS,
Os145_S,Os145,Tops,S,
Os145_M,Os145,Tops,M,
Os145_L,Os145,Tops,L,
Os145_XL,Os145,Tops,XL,
Os146_XS,Os146,Tops,XS,
Os146_S,Os146,Tops,S,
Os146_M,Os146,Tops,M,
Os146_L,Os146,Tops,L,
Os146_XL,Os146,Tops,XL,
Os1111_S,Os1111,Kurta Set,S,
Os1111_M,Os1111,Kurta Set,M,
Os1111_L,Os1111,Kurta Set,L,
Os1111_XL,Os1111,Kurta Set,XL,
Os1111_2XL,Os1111,Kurta Set,2XL,
Os1111_3XL,Os1111,Kurta Set,3XL,
Os1071_S,Os1071,Kurta Set,S,
Os1071_M,Os1071,Kurta Set,M,
Os1071_L,Os1071,Kurta Set,L,
Os1071_XL,Os1071,Kurta Set,XL,
Os1071_2XL,Os1071,Kurta Set,2XL,
Os1071_3XL,Os1071,Kurta Set,3XL,
Os1081_S,Os1081,Kurta Set,S,
Os1081_M,Os1081,Kurta Set,M,
Os1081_L,Os1081,Kurta Set,L,
Os1081_XL,Os1081,Kurta Set,XL,
Os1081_2XL,Os1081,Kurta Set,2XL,
Os1081_3XL,Os1081,Kurta Set,3XL,
Os1088_S,Os1088,Kurta Set,S,
Os1088_M,Os1088,Kurta Set,M,
Os1088_L,Os1088,Kurta Set,L,
Os1088_XL,Os1088,Kurta Set,XL,
Os1088_2XL,Os1088,Kurta Set,2XL,
Os1088_3XL,Os1088,Kurta Set,3XL,
Os1084_S,Os1084,Kurta Set,S,
Os1084_M,Os1084,Kurta Set,M,
Os1084_L,Os1084,Kurta Set,L,
Os1084_XL,Os1084,Kurta Set,XL,
Os1084_2XL,Os1084,Kurta Set,2XL,
Os1084_3XL,Os1084,Kurta Set,3XL,
Os1120_S,Os1120,Kurta Set,S,
Os1120_M,Os1120,Kurta Set,M,
Os1120_L,Os1120,Kurta Set,L,
Os1120_XL,Os1120,Kurta Set,XL,
Os1120_2XL,Os1120,Kurta Set,2XL,
Os1120_3XL,Os1120,Kurta Set,3XL,
Os1097_S,Os1097,Kurta Set,S,
Os1097_M,Os1097,Kurta Set,M,
Os1097_L,Os1097,Kurta Set,L,
Os1097_XL,Os1097,Kurta Set,XL,
Os1097_2XL,Os1097,Kurta Set,2XL,
Os1097_3XL,Os1097,Kurta Set,3XL,
Os1094_S,Os1094,Kurta Set,S,
Os1094_M,Os1094,Kurta Set,M,
Os1094_L,Os1094,Kurta Set,L,
Os1094_XL,Os1094,Kurta Set,XL,
Os1094_2XL,Os1094,Kurta Set,2XL,
Os1094_3XL,Os1094,Kurta Set,3XL,
Os1064_S,Os1064,Kurta Set,S,
Os1064_M,Os1064,Kurta Set,M,
Os1064_L,Os1064,Kurta Set,L,
Os1064_XL,Os1064,Kurta Set,XL,
Os1064_2XL,Os1064,Kurta Set,2XL,
Os1064_3XL,Os1064,Kurta Set,3XL,
Os1091_S,Os1091,Kurta Set,S,
Os1091_M,Os1091,Kurta Set,M,
Os1091_L,Os1091,Kurta Set,L,
Os1091_XL,Os1091,Kurta Set,XL,
Os1091_2XL,Os1091,Kurta Set,2XL,
Os1091_3XL,Os1091,Kurta Set,3XL,
Os1090_S,Os1090,Kurta Set,S,
Os1090_M,Os1090,Kurta Set,M,
Os1090_L,Os1090,Kurta Set,L,
Os1090_XL,Os1090,Kurta Set,XL,
Os1090_2XL,Os1090,Kurta Set,2XL,
Os1090_3XL,Os1090,Kurta Set,3XL,
Os1068_S,Os1068,Kurta Set,S,
Os1068_M,Os1068,Kurta Set,M,
Os1068_L,Os1068,Kurta Set,L,
Os1068_XL,Os1068,Kurta Set,XL,
Os1068_2XL,Os1068,Kurta Set,2XL,
Os1068_3XL,Os1068,Kurta Set,3XL,
Os273_S,Os273,Kurta Set,S,
Os273_M,Os273,Kurta Set,M,
Os273_L,Os273,Kurta Set,L,
Os273_XL,Os273,Kurta Set,XL,
Os273_2XL,Os273,Kurta Set,2XL,
Os273_3XL,Os273,Kurta Set,3XL,
Os272_S,Os272,Kurta Set,S,
Os272_M,Os272,Kurta Set,M,
Os272_L,Os272,Kurta Set,L,
Os272_XL,Os272,Kurta Set,XL,
Os272_2XL,Os272,Kurta Set,2XL,
Os272_3XL,Os272,Kurta Set,3XL,
Os271_S,Os271,Kurta Set,S,
Os271_M,Os271,Kurta Set,M,
Os271_L,Os271,Kurta Set,L,
Os271_XL,Os271,Kurta Set,XL,
Os271_2XL,Os271,Kurta Set,2XL,
Os271_3XL,Os271,Kurta Set,3XL,
Os270_S,Os270,Kurta Set,S,
Os270_M,Os270,Kurta Set,M,
Os270_L,Os270,Kurta Set,L,
Os270_XL,Os270,Kurta Set,XL,
Os270_2XL,Os270,Kurta Set,2XL,
Os270_3XL,Os270,Kurta Set,3XL,
Os266_S,Os266,Kurta,S,
Os266_M,Os266,Kurta,M,
Os266_L,Os266,Kurta,L,
Os266_XL,Os266,Kurta,XL,
Os266_2XL,Os266,Kurta,2XL,
Os266_3XL,Os266,Kurta,3XL,
Os151_S,Os151,Kurta,S,
Os151_M,Os151,Kurta,M,
Os151_L,Os151,Kurta,L,
Os151_XL,Os151,Kurta,XL,
Os151_2XL,Os151,Kurta,2XL,
Os151_3XL,Os151,Kurta,3XL,
Os163_S,Os163,Kurta,S,
Os163_M,Os163,Kurta,M,
Os163_L,Os163,Kurta,L,
Os163_XL,Os163,Kurta,XL,
Os163_2XL,Os163,Kurta,2XL,
Os163_3XL,Os163,Kurta,3XL,
Os269_S,Os269,Kurta,S,
Os269_M,Os269,Kurta,M,
Os269_L,Os269,Kurta,L,
Os269_XL,Os269,Kurta,XL,
Os269_2XL,Os269,Kurta,2XL,
Os1126_S,Os1126,Kurta,S,
Os1126_M,Os1126,Kurta,M,
Os1126_L,Os1126,Kurta,L,
Os1126_XL,Os1126,Kurta,XL,
Os1126_2XL,Os1126,Kurta,2XL,
Os1126_3XL,Os1126,Kurta,3XL,
Os1061_S,Os1061,Kurta Set,S,
Os1061_M,Os1061,Kurta Set,M,
Os1061_L,Os1061,Kurta Set,L,
Os1061_XL,Os1061,Kurta Set,XL,
Os1061_2XL,Os1061,Kurta Set,2XL,
Os1061_3XL,Os1061,Kurta Set,3XL,
Os262_S,Os262,Kurta,S,
Os262_M,Os262,Kurta,M,
Os262_L,Os262,Kurta,L,
Os262_XL,Os262,Kurta,XL,
Os262_2XL,Os262,Kurta,2XL,
Os262_3XL,Os262,Kurta,3XL,
Os264_S,Os264,Kurta,S,
Os264_M,Os264,Kurta,M,
Os264_L,Os264,Kurta,L,
Os264_XL,Os264,Kurta,XL,
Os264_2XL,Os264,Kurta,2XL,
Os264_3XL,Os264,Kurta,3XL,
Os265_S,Os265,Kurta,S,
Os265_M,Os265,Kurta,M,
Os265_L,Os265,Kurta,L,
Os265_XL,Os265,Kurta,XL,
Os265_2XL,Os265,Kurta,2XL,
Os265_3XL,Os265,Kurta,3XL,
Os155_S,Os155,Kurta,S,
Os155_M,Os155,Kurta,M,
Os155_L,Os155,Kurta,L,
Os155_XL,Os155,Kurta,XL,
Os155_2XL,Os155,Kurta,2XL,
Os155_3XL,Os155,Kurta,3XL,
Os156_S,Os156,Kurta,S,
Os156_M,Os156,Kurta,M,
Os156_L,Os156,Kurta,L,
Os156_XL,Os156,Kurta,XL,
Os156_2XL,Os156,Kurta,2XL,
Os156_3XL,Os156,Kurta,3XL,
Os166_S,Os166,Kurta,S,
Os166_M,Os166,Kurta,M,
Os166_L,Os166,Kurta,L,
Os166_XL,Os166,Kurta,XL,
Os166_2XL,Os166,Kurta,2XL,
Os166_3XL,Os166,Kurta,3XL,
Os165_S,Os165,Kurta,S,
Os165_M,Os165,Kurta,M,
Os165_L,Os165,Kurta,L,
Os165_XL,Os165,Kurta,XL,
Os165_2XL,Os165,Kurta,2XL,
Os165_3XL,Os165,Kurta,3XL,
Os159_S,Os159,Kurta,S,
Os159_M,Os159,Kurta,M,
Os159_L,Os159,Kurta,L,
Os159_XL,Os159,Kurta,XL,
Os159_2XL,Os159,Kurta,2XL,
Os159_3XL,Os159,Kurta,3XL,
Os268_S,Os268,Kurta,S,
Os268_M,Os268,Kurta,M,
Os268_L,Os268,Kurta,L,
Os268_XL,Os268,Kurta,XL,
Os268_2XL,Os268,Kurta,2XL,
Os268_3XL,Os268,Kurta,3XL,
Os1073_S,Os1073,Kurta,S,
Os1073_M,Os1073,Kurta,M,
Os1073_L,Os1073,Kurta,L,
Os1073_XL,Os1073,Kurta,XL,
Os1073_2XL,Os1073,Kurta,2XL,
Os1073_3XL,Os1073,Kurta,3XL,
Os1101_S,Os1101,Kurta Set,S,
Os1101_M,Os1101,Kurta Set,M,
Os1101_L,Os1101,Kurta Set,L,
Os1101_XL,Os1101,Kurta Set,XL,
Os1101_2XL,Os1101,Kurta Set,2XL,
Os1101_3XL,Os1101,Kurta Set,3XL,
Os1055_S,Os1055,Kurta Set,S,
Os1055_M,Os1055,Kurta Set,M,
Os1055_L,Os1055,Kurta Set,L,
Os1055_XL,Os1055,Kurta Set,XL,
Os1055_2XL,Os1055,Kurta Set,2XL,
Os1055_3XL,Os1055,Kurta Set,3XL,
Os1147_S,OS1147,Kurta Set,S,
Os1147_M,OS1147,Kurta Set,M,
Os1147_L,OS1147,Kurta Set,L,
Os1147_XL,OS1147,Kurta Set,XL,
Os1147_2XL,OS1147,Kurta Set,2XL,
Os1147_3XL,OS1147,Kurta Set,3XL,
Os1113_S,Os1113,Kurta Set,S,
Os1113_M,Os1113,Kurta Set,M,
Os1113_L,Os1113,Kurta Set,L,
Os1113_XL,Os1113,Kurta Set,XL,
Os1113_2XL,Os1113,Kurta Set,2XL,
Os1113_3XL,Os1113,Kurta Set,3XL,
Os1108_S,Os1108,Kurta Set,S,
Os1108_M,Os1108,Kurta Set,M,
Os1108_L,Os1108,Kurta Set,L,
Os1108_XL,Os1108,Kurta Set,XL,
Os1108_2XL,Os1108,Kurta Set,2XL,
Os1108_3XL,Os1108,Kurta Set,3XL,
Os274_XS,Os274,Tops,XS,
Os274_S,Os274,Tops,S,
Os274_M,Os274,Tops,M,
Os274_L,Os274,Tops,L,
Os274_XL,Os274,Tops,XL,
Os143_XS,Os143,Tops,XS,
Os143_S,Os143,Tops,S,
Os143_M,Os143,Tops,M,
Os143_L,Os143,Tops,L,
Os143_XL,Os143,Tops,XL,
Os291_S,Os291,Kurta,S,
Os291_M,Os291,Kurta,M,
Os291_L,Os291,Kurta,L,
Os291_XL,Os291,Kurta,XL,
Os291_2XL,Os291,Kurta,2XL,
Os291_3XL,Os291,Kurta,3XL,
Os1063_S,Os1063,Kurta,S,
Os1063_M,Os1063,Kurta,M,
Os1063_L,Os1063,Kurta,L,
Os1063_XL,Os1063,Kurta,XL,
Os1063_2XL,Os1063,Kurta,2XL,
Os1063_3XL,Os1063,Kurta,3XL,
Os1075_S,Os1075,Kurta,S,
Os1075_M,Os1075,Kurta,M,
Os1075_L,Os1075,Kurta,L,
Os1075_XL,Os1075,Kurta,XL,
Os1075_2XL,Os1075,Kurta,2XL,
Os1075_3XL,Os1075,Kurta,3XL,
Os285_XS,Os285,Tops,XS,
Os285_S,Os285,Tops,S,
Os285_M,Os285,Tops,M,
Os285_L,Os285,Tops,L,
Os285_XL,Os285,Tops,XL,
Os115_S,Os115,Kurta,S,
Os115_M,Os115,Kurta,M,
Os115_L,Os115,Kurta,L,
Os115_XL,Os115,Kurta,XL,
Os115_2XL,Os115,Kurta,2XL,
Os115_3XL,Os115,Kurta,3XL,
Os118_S,Os118,Kurta,S,
Os118_M,Os118,Kurta,M,
Os118_L,Os118,Kurta,L,
Os118_XL,Os118,Kurta,XL,
Os118_2XL,Os118,Kurta,2XL,
Os118_3XL,Os118,Kurta,3XL,
Os125_S,Os125,Kurta,S,
Os125_M,Os125,Kurta,M,
Os125_L,Os125,Kurta,L,
Os125_XL,Os125,Kurta,XL,
Os125_2XL,Os125,Kurta,2XL,
Os125_3XL,Os125,Kurta,3XL,
Os127_S,Os127,Kurta,S,
Os127_M,Os127,Kurta,M,
Os127_L,Os127,Kurta,L,
Os127_XL,Os127,Kurta,XL,
Os127_2XL,Os127,Kurta,2XL,
Os127_3XL,Os127,Kurta,3XL,
Os133_S,Os133,Kurta Set,S,
Os133_M,Os133,Kurta Set,M,
Os133_L,Os133,Kurta Set,L,
Os133_XL,Os133,Kurta Set,XL,
Os133_2XL,Os133,Kurta Set,2XL,
Os133_3XL,Os133,Kurta Set,3XL,
Os134_S,Os134,Kurta Set,S,
Os134_M,Os134,Kurta Set,M,
Os134_L,Os134,Kurta Set,L,
Os134_XL,Os134,Kurta Set,XL,
Os134_2XL,Os134,Kurta Set,2XL,
Os134_3XL,Os134,Kurta Set,3XL,
Os136_S,Os136,Gown,S,
Os136_M,Os136,Gown,M,
Os136_L,Os136,Gown,L,
Os136_XL,Os136,Gown,XL,
Os136_2XL,Os136,Gown,2XL,
Os136_3XL,Os136,Gown,3XL,
Os1056_S,Os1056,Kurta Set,S,
Os1056_M,Os1056,Kurta Set,M,
Os1056_L,Os1056,Kurta Set,L,
Os1056_XL,Os1056,Kurta Set,XL,
Os1056_2XL,Os1056,Kurta Set,2XL,
Os1056_3XL,Os1056,Kurta Set,3XL,
Os1066_S,Os1066,Kurta Set,S,
Os1066_M,Os1066,Kurta Set,M,
Os1066_L,Os1066,Kurta Set,L,
Os1066_XL,Os1066,Kurta Set,XL,
Os1066_2XL,Os1066,Kurta Set,2XL,
Os1066_3XL,Os1066,Kurta Set,3XL,
Os1103_S,Os1103,Gown,S,
Os1103_M,Os1103,Gown,M,
Os1103_L,Os1103,Gown,L,
Os1103_XL,Os1103,Gown,XL,
Os1103_2XL,Os1103,Gown,2XL,
Os1103_3XL,Os1103,Gown,3XL,
Os1119_S,Os1119,Kurta Set,S,
Os1119_M,Os1119,Kurta Set,M,
Os1119_L,Os1119,Kurta Set,L,
Os1119_XL,Os1119,Kurta Set,XL,
Os1119_2XL,Os1119,Kurta Set,2XL,
Os1119_3XL,Os1119,Kurta Set,3XL,
Os287_S,Os287,Kurta Set,S,
Os287_M,Os287,Kurta Set,M,
Os287_L,Os287,Kurta Set,L,
Os287_XL,Os287,Kurta Set,XL,
Os287_2XL,Os287,Kurta Set,2XL,
Os287_3XL,Os287,Kurta Set,3XL,
Os287KR_S,Os287KR,Kurta,S,
Os287KR_M,Os287KR,Kurta,M,
Os287KR_L,Os287KR,Kurta,L,
Os287KR_XL,Os287KR,Kurta,XL,
Os287KR_2XL,Os287KR,Kurta,2XL,
Os287KR_3XL,Os287KR,Kurta,3XL,
Os278_S,Os278,Kurta Set,S,
Os278_M,Os278,Kurta Set,M,
Os278_L,Os278,Kurta Set,L,
Os278_XL,Os278,Kurta Set,XL,
Os278_2XL,Os278,Kurta Set,2XL,
Os278_3XL,Os278,Kurta Set,3XL,
Os278KR_S,Os278KR,Kurta,S,
Os278KR_M,Os278KR,Kurta,M,
Os278KR_L,Os278KR,Kurta,L,
Os278KR_XL,Os278KR,Kurta,XL,
Os278KR_2XL,Os278KR,Kurta,2XL,
Os278KR_3XL,Os278KR,Kurta,3XL,
Os277_S,Os277,Kurta Set,S,
Os277_M,Os277,Kurta Set,M,
Os277_L,Os277,Kurta Set,L,
Os277_XL,Os277,Kurta Set,XL,
Os277_2XL,Os277,Kurta Set,2XL,
Os277_3XL,Os277,Kurta Set,3XL,
Os277KR_S,Os277KR,Kurta,S,
Os277KR_M,Os277KR,Kurta,M,
Os277KR_L,Os277KR,Kurta,L,
Os277KR_XL,Os277KR,Kurta,XL,
Os277KR_2XL,Os277KR,Kurta,2XL,
Os277KR_3XL,Os277KR,Kurta,3XL,
Os276_S,Os276,Kurta Set,S,
Os276_M,Os276,Kurta Set,M,
Os276_L,Os276,Kurta Set,L,
Os276_XL,Os276,Kurta Set,XL,
Os276_2XL,Os276,Kurta Set,2XL,
Os276_3XL,Os276,Kurta Set,3XL,
Os276KR_S,Os276KR,Kurta,S,
Os276KR_M,Os276KR,Kurta,M,
Os276KR_L,Os276KR,Kurta,L,
Os276KR_XL,Os276KR,Kurta,XL,
Os276KR_2XL,Os276KR,Kurta,2XL,
Os276KR_3XL,Os276KR,Kurta,3XL,
Os309_S,Os309,Kurta,S,
Os309_M,Os309,Kurta,M,
Os309_L,Os309,Kurta,L,
Os309_XL,Os309,Kurta,XL,
Os309_2XL,Os309,Kurta,2XL,
Os309_3XL,Os309,Kurta,3XL,
Os280_S,Os280,Kurta Set,S,
Os280_M,Os280,Kurta Set,M,
Os280_L,Os280,Kurta Set,L,
Os280_XL,Os280,Kurta Set,XL,
Os280_2XL,Os280,Kurta Set,2XL,
Os280_3XL,Os280,Kurta Set,3XL,
Os280KR_S,Os280KR,Kurta,S,
Os280KR_M,Os280KR,Kurta,M,
Os280KR_L,Os280KR,Kurta,L,
Os280KR_XL,Os280KR,Kurta,XL,
Os280KR_2XL,Os280KR,Kurta,2XL,
Os280KR_3XL,Os280KR,Kurta,3XL,
Os279_S,Os279,Kurta Set,S,
Os279_M,Os279,Kurta Set,M,
Os279_L,Os279,Kurta Set,L,
Os279_XL,Os279,Kurta Set,XL,
Os279_2XL,Os279,Kurta Set,2XL,
Os279_3XL,Os279,Kurta Set,3XL,
Os283_S,Os283,Kurta,S,
Os283_M,Os283,Kurta,M,
Os283_L,Os283,Kurta,L,
Os283_XL,Os283,Kurta,XL,
Os283_2XL,Os283,Kurta,2XL,
Os283_3XL,Os283,Kurta,3XL,
Os294_S,Os294,Kurta Set,S,
Os294_M,Os294,Kurta Set,M,
Os294_L,Os294,Kurta Set,L,
Os294_XL,Os294,Kurta Set,XL,
Os294_2XL,Os294,Kurta Set,2XL,
Os294_3XL,Os294,Kurta Set,3XL,
Os294KR_S,Os294KR,Kurta,S,
Os294KR_M,Os294KR,Kurta,M,
Os294KR_L,Os294KR,Kurta,L,
Os294KR_XL,Os294KR,Kurta,XL,
Os294KR_2XL,Os294KR,Kurta,2XL,
Os294KR_3XL,Os294KR,Kurta,3XL,
Os307_S,Os307,Kurta Set,S,
Os307_M,Os307,Kurta Set,M,
Os307_L,Os307,Kurta Set,L,
Os307_XL,Os307,Kurta Set,XL,
Os307_2XL,Os307,Kurta Set,2XL,
Os307_3XL,Os307,Kurta Set,3XL,
Os307KR_S,Os307KR,Kurta,S,
Os307KR_M,Os307KR,Kurta,M,
Os307KR_L,Os307KR,Kurta,L,
Os307KR_XL,Os307KR,Kurta,XL,
Os307KR_2XL,Os307KR,Kurta,2XL,
Os307KR_3XL,Os307KR,Kurta,3XL,
Os303_S,Os303,Kurta,S,
Os303_M,Os303,Kurta,M,
Os303_L,Os303,Kurta,L,
Os303_XL,Os303,Kurta,XL,
Os303_2XL,Os303,Kurta,2XL,
Os303_3XL,Os303,Kurta,3XL,
Os282_S,Os282,Kurta Set,S,
Os282_M,Os282,Kurta Set,M,
Os282_L,Os282,Kurta Set,L,
Os282_XL,Os282,Kurta Set,XL,
Os282_2XL,Os282,Kurta Set,2XL,
Os282_3XL,Os282,Kurta Set,3XL,
Os282KR_S,Os282KR,Kurta,S,
Os282KR_M,Os282KR,Kurta,M,
Os282KR_L,Os282KR,Kurta,L,
Os282KR_XL,Os282KR,Kurta,XL,
Os282KR_2XL,Os282KR,Kurta,2XL,
Os282KR_3XL,Os282KR,Kurta,3XL,
Os290_S,Os290,Kurta Set,S,
Os290_M,Os290,Kurta Set,M,
Os290_L,Os290,Kurta Set,L,
Os290_XL,Os290,Kurta Set,XL,
Os290_2XL,Os290,Kurta Set,2XL,
Os290_3XL,Os290,Kurta Set,3XL,
Os290KR_S,Os290KR,Kurta,S,
Os290KR_M,Os290KR,Kurta,M,
Os290KR_L,Os290KR,Kurta,L,
Os290KR_XL,Os290KR,Kurta,XL,
Os290KR_2XL,Os290KR,Kurta,2XL,
Os290KR_3XL,Os290KR,Kurta,3XL,
Os289_S,Os289,Kurta Set,S,
Os289_M,Os289,Kurta Set,M,
Os289_L,Os289,Kurta Set,L,
Os289_XL,Os289,Kurta Set,XL,
Os289_2XL,Os289,Kurta Set,2XL,
Os289_3XL,Os289,Kurta Set,3XL,
Os289KR_S,Os289KR,Kurta,S,
Os289KR_M,Os289KR,Kurta,M,
Os289KR_L,Os289KR,Kurta,L,
Os289KR_XL,Os289KR,Kurta,XL,
Os289KR_2XL,Os289KR,Kurta,2XL,
Os289KR_3XL,Os289KR,Kurta,3XL,
Os1109_M,Os1109,Kurta Set,M,
Os1109_L,Os1109,Kurta Set,L,
Os1109_XL,Os1109,Kurta Set,XL,
Os1109_2XL,Os1109,Kurta Set,2XL,
Os198_5045_XS,Os198_5045,Kurta,XS,
Os192_1124_XS,Os192_1124,Kurta,XS,
Os275_3XL,Os275,Kurta,3XL,
Os308_L,Os308,Kurta Set,L,
Os275_M,Os275,Kurta,M,
Os275_L,Os275,Kurta,L,
Os308_3XL,Os308,Kurta Set,3XL,
Os163_2XLL,Os163,Kurta,2XLL,
Os160_MM,Os160,Kurta,MM,
Os160_XS,Os160,Kurta,XS,
Os326_XS,Os326,Kurta,XS,
Os326_S,Os326,Kurta,S,
Os326_M,Os326,Kurta,M,
Os326_L,Os326,Kurta,L,
Os326_XL,Os326,Kurta,XL,
Os326_2XL,Os326,Kurta,2XL,
Os326_3XL,Os326,Kurta,3XL,
